"id","en","es","fr","created_at","updated_at"
1,1,195,389,2024-09-05 08:25:17.799,
2,2,196,390,2024-09-05 08:25:17.799,
3,3,197,391,2024-09-05 08:25:17.799,
4,4,198,392,2024-09-05 08:25:17.799,
5,5,199,393,2024-09-05 08:25:17.799,
6,6,200,394,2024-09-05 08:25:17.799,
7,7,201,395,2024-09-05 08:25:17.799,
8,8,202,396,2024-09-05 08:25:17.799,
9,9,203,397,2024-09-05 08:25:17.799,
10,10,204,398,2024-09-05 08:25:17.799,
11,11,205,399,2024-09-05 08:25:17.799,
12,12,206,400,2024-09-05 08:25:17.799,
13,13,207,401,2024-09-05 08:25:17.799,
14,14,208,402,2024-09-05 08:25:17.799,
15,15,209,403,2024-09-05 08:25:17.799,
16,16,210,404,2024-09-05 08:25:17.799,
17,17,211,405,2024-09-05 08:25:17.799,
18,18,212,406,2024-09-05 08:25:17.799,
19,19,213,407,2024-09-05 08:25:17.799,
20,20,214,408,2024-09-05 08:25:17.799,
21,21,215,409,2024-09-05 08:25:17.799,
22,22,216,410,2024-09-05 08:25:17.799,
23,23,217,411,2024-09-05 08:25:17.799,
24,24,218,412,2024-09-05 08:25:17.799,
25,25,219,413,2024-09-05 08:25:17.799,
26,26,220,414,2024-09-05 08:25:17.799,
27,27,221,415,2024-09-05 08:25:17.799,
28,28,222,416,2024-09-05 08:25:17.799,
29,29,223,417,2024-09-05 08:25:17.799,
30,30,224,418,2024-09-05 08:25:17.799,
31,31,225,419,2024-09-05 08:25:17.799,
32,32,226,420,2024-09-05 08:25:17.799,
33,33,227,421,2024-09-05 08:25:17.799,
34,34,228,422,2024-09-05 08:25:17.799,
35,35,229,423,2024-09-05 08:25:17.799,
36,36,230,424,2024-09-05 08:25:17.799,
37,37,231,425,2024-09-05 08:25:17.799,
38,38,232,426,2024-09-05 08:25:17.799,
39,39,233,427,2024-09-05 08:25:17.799,
40,40,234,428,2024-09-05 08:25:17.799,
41,41,235,429,2024-09-05 08:25:17.799,
42,42,236,430,2024-09-05 08:25:17.799,
43,43,237,431,2024-09-05 08:25:17.799,
44,44,238,432,2024-09-05 08:25:17.799,
45,45,239,433,2024-09-05 08:25:17.799,
46,46,240,434,2024-09-05 08:25:17.799,
47,47,241,435,2024-09-05 08:25:17.799,
48,48,242,436,2024-09-05 08:25:17.799,
49,49,243,437,2024-09-05 08:25:17.799,
50,50,244,438,2024-09-05 08:25:17.799,
51,51,245,439,2024-09-05 08:25:17.799,
52,52,246,440,2024-09-05 08:25:17.799,
53,53,247,441,2024-09-05 08:25:17.799,
54,54,248,442,2024-09-05 08:25:17.799,
55,55,249,443,2024-09-05 08:25:17.799,
56,56,250,444,2024-09-05 08:25:17.799,
57,57,251,445,2024-09-05 08:25:17.799,
58,58,252,446,2024-09-05 08:25:17.799,
59,59,253,447,2024-09-05 08:25:17.799,
60,60,254,448,2024-09-05 08:25:17.799,
61,61,255,449,2024-09-05 08:25:17.799,
62,62,256,450,2024-09-05 08:25:17.799,
63,63,257,451,2024-09-05 08:25:17.799,
64,64,258,452,2024-09-05 08:25:17.799,
65,65,259,453,2024-09-05 08:25:17.799,
66,66,260,454,2024-09-05 08:25:17.799,
67,67,261,455,2024-09-05 08:25:17.799,
68,68,262,456,2024-09-05 08:25:17.799,
69,69,263,457,2024-09-05 08:25:17.799,
70,70,264,458,2024-09-05 08:25:17.799,
71,71,265,459,2024-09-05 08:25:17.799,
72,72,266,460,2024-09-05 08:25:17.799,
73,73,267,461,2024-09-05 08:25:17.799,
74,74,268,462,2024-09-05 08:25:17.799,
75,75,269,463,2024-09-05 08:25:17.799,
76,76,270,464,2024-09-05 08:25:17.799,
77,77,271,465,2024-09-05 08:25:17.799,
78,78,272,466,2024-09-05 08:25:17.799,
79,79,273,467,2024-09-05 08:25:17.799,
80,80,274,468,2024-09-05 08:25:17.799,
81,81,275,469,2024-09-05 08:25:17.799,
82,82,276,470,2024-09-05 08:25:17.799,
83,83,277,471,2024-09-05 08:25:17.799,
84,84,278,472,2024-09-05 08:25:17.799,
85,85,279,473,2024-09-05 08:25:17.799,
86,86,280,474,2024-09-05 08:25:17.799,
87,87,281,475,2024-09-05 08:25:17.799,
88,88,282,476,2024-09-05 08:25:17.799,
89,89,283,477,2024-09-05 08:25:17.799,
90,90,284,478,2024-09-05 08:25:17.799,
91,91,285,479,2024-09-05 08:25:17.799,
92,92,286,480,2024-09-05 08:25:17.799,
93,93,287,481,2024-09-05 08:25:17.799,
94,94,288,482,2024-09-05 08:25:17.799,
95,95,289,483,2024-09-05 08:25:17.799,
96,96,290,484,2024-09-05 08:25:17.799,
97,97,291,485,2024-09-05 08:25:17.799,
98,98,292,486,2024-09-05 08:25:17.799,
99,99,293,487,2024-09-05 08:25:17.799,
100,100,294,488,2024-09-05 08:25:17.799,
101,101,295,489,2024-09-05 08:25:17.799,
102,102,296,490,2024-09-05 08:25:17.799,
103,103,297,491,2024-09-05 08:25:17.799,
104,104,298,492,2024-09-05 08:25:17.799,
105,105,299,493,2024-09-05 08:25:17.799,
106,106,300,494,2024-09-05 08:25:17.799,
107,107,301,495,2024-09-05 08:25:17.799,
108,108,302,496,2024-09-05 08:25:17.799,
109,109,303,497,2024-09-05 08:25:17.799,
110,110,304,498,2024-09-05 08:25:17.799,
111,111,305,499,2024-09-05 08:25:17.799,
112,112,306,500,2024-09-05 08:25:17.799,
113,113,307,501,2024-09-05 08:25:17.799,
114,114,308,502,2024-09-05 08:25:17.799,
115,115,309,503,2024-09-05 08:25:17.799,
116,116,310,504,2024-09-05 08:25:17.799,
117,117,311,505,2024-09-05 08:25:17.799,
118,118,312,506,2024-09-05 08:25:17.799,
119,119,313,507,2024-09-05 08:25:17.799,
120,120,314,508,2024-09-05 08:25:17.799,
121,121,315,509,2024-09-05 08:25:17.799,
122,122,316,510,2024-09-05 08:25:17.799,
123,123,317,511,2024-09-05 08:25:17.799,
124,124,318,512,2024-09-05 08:25:17.799,
125,125,319,513,2024-09-05 08:25:17.799,
126,126,320,514,2024-09-05 08:25:17.799,
127,127,321,515,2024-09-05 08:25:17.799,
128,128,322,516,2024-09-05 08:25:17.799,
129,129,323,517,2024-09-05 08:25:17.799,
130,130,324,518,2024-09-05 08:25:17.799,
131,131,325,519,2024-09-05 08:25:17.799,
132,132,326,520,2024-09-05 08:25:17.799,
133,133,327,521,2024-09-05 08:25:17.799,
134,134,328,522,2024-09-05 08:25:17.799,
135,135,329,523,2024-09-05 08:25:17.799,
136,136,330,524,2024-09-05 08:25:17.799,
137,137,331,525,2024-09-05 08:25:17.799,
138,138,332,526,2024-09-05 08:25:17.799,
139,139,333,527,2024-09-05 08:25:17.799,
140,140,334,528,2024-09-05 08:25:17.799,
141,141,335,529,2024-09-05 08:25:17.799,
142,142,336,530,2024-09-05 08:25:17.799,
143,143,337,531,2024-09-05 08:25:17.799,
144,144,338,532,2024-09-05 08:25:17.799,
145,145,339,533,2024-09-05 08:25:17.799,
146,146,340,534,2024-09-05 08:25:17.799,
147,147,341,535,2024-09-05 08:25:17.799,
148,148,342,536,2024-09-05 08:25:17.799,
149,149,343,537,2024-09-05 08:25:17.799,
150,150,344,538,2024-09-05 08:25:17.799,
151,151,345,539,2024-09-05 08:25:17.799,
152,152,346,540,2024-09-05 08:25:17.799,
153,153,347,541,2024-09-05 08:25:17.799,
154,154,348,542,2024-09-05 08:25:17.799,
155,155,349,543,2024-09-05 08:25:17.799,
156,156,350,544,2024-09-05 08:25:17.799,
157,157,351,545,2024-09-05 08:25:17.799,
158,158,352,546,2024-09-05 08:25:17.799,
159,159,353,547,2024-09-05 08:25:17.799,
160,160,354,548,2024-09-05 08:25:17.799,
161,161,355,549,2024-09-05 08:25:17.799,
162,162,356,550,2024-09-05 08:25:17.799,
163,163,357,551,2024-09-05 08:25:17.799,
164,164,358,552,2024-09-05 08:25:17.799,
165,165,359,553,2024-09-05 08:25:17.799,
166,166,360,554,2024-09-05 08:25:17.799,
167,167,361,555,2024-09-05 08:25:17.799,
168,168,362,556,2024-09-05 08:25:17.799,
169,169,363,557,2024-09-05 08:25:17.799,
170,170,364,558,2024-09-05 08:25:17.799,
171,171,365,559,2024-09-05 08:25:17.799,
172,172,366,560,2024-09-05 08:25:17.799,
173,173,367,561,2024-09-05 08:25:17.799,
174,174,368,562,2024-09-05 08:25:17.799,
175,175,369,563,2024-09-05 08:25:17.799,
176,176,370,564,2024-09-05 08:25:17.799,
177,177,371,565,2024-09-05 08:25:17.799,
178,178,372,566,2024-09-05 08:25:17.799,
179,179,373,567,2024-09-05 08:25:17.799,
180,180,374,568,2024-09-05 08:25:17.799,
181,181,375,569,2024-09-05 08:25:17.799,
182,182,376,570,2024-09-05 08:25:17.799,
183,183,377,571,2024-09-05 08:25:17.799,
184,184,378,572,2024-09-05 08:25:17.799,
185,185,379,573,2024-09-05 08:25:17.799,
186,186,380,574,2024-09-05 08:25:17.799,
187,187,381,575,2024-09-05 08:25:17.799,
188,188,382,576,2024-09-05 08:25:17.799,
189,189,383,577,2024-09-05 08:25:17.799,
190,190,384,578,2024-09-05 08:25:17.799,
191,191,385,579,2024-09-05 08:25:17.799,
192,192,386,580,2024-09-05 08:25:17.799,
193,193,387,581,2024-09-05 08:25:17.799,
194,194,388,582,2024-09-05 08:25:17.799,
195,583,584,585,2024-09-05 08:25:17.799,
196,586,587,588,2024-09-05 08:25:17.799,
197,589,590,591,2024-09-05 08:25:17.799,
